Company Name,Year,Size,Industry,Style,Was_Public,Market,Symbol,Publication,,Links,Remaining,Notes
AOL,2004,92000000,web,inside job,TRUE,NYSE,TWX,6/24/04,,https://www.nytimes.com/2004/06/23/technology/aol-engineer-sold-92-million-names-to-spammer-us-says.html,TRUE,
Ameritrade,2005,200000,financial,lost / stolen media,TRUE,NASDAQ,AMTD,4/20/05,customer data,https://money.cnn.com/2005/04/19/technology/ameritrade/index.htm,,
Automatic Data Processing,2005,125000,financial,poor security,TRUE,NASDAQ,ADP,7/6/06,,https://abcnews.go.com/Technology/story?id=2160425&page=1,,
"CardSystems Solutions Inc.(MasterCard, Visa, Discover Financial Services and American Express)",2005,40000000,financial,hacked,FALSE,,,6/25/05,,https://web.archive.org/web/20180120212810/http://www.nytimes.com/2005/06/17/business/mastercard-says-security-breach-affects-40-million-cards.html,,
Citigroup,2005,3900000,financial,lost / stolen media,TRUE,NYSE,C,6/5/05,,https://money.cnn.com/2005/06/06/news/fortune500/security_citigroup/,,
Bank of America,2005,1200000,financial,lost / stolen media,TRUE,NYSE,BAC,2/25/05,,https://www.nytimes.com/2005/02/26/us/bank-loses-tapes-of-records-of-12-million-with-visa-cards.html,,
DSW Inc.,2005,1400000,retail,hacked,FALSE,NYSE,DSW,4/18/05,Stock wasn't public yet,http://www.nbcnews.com/id/7550562/ns/technology_and_science-security/t/million-exposed-shoe-data-breach/,TRUE,
AOL,2006,20000000,web,accidentally published,TRUE,NYSE,TWX,8/4/06,Search Queriers,https://en.wikipedia.org/wiki/AOL_search_data_leak,TRUE,
Countrywide Financial Corp,2006,2600000,financial,inside job,TRUE,NYSE,BAC,9/10/08,PII,http://articles.latimes.com/2008/sep/10/business/fi-countrywide10,,
Hewlett Packard,2006,196000,tech,lost / stolen media,TRUE,NYSE,HPQ,3/23/06,Employee PII,https://www.computerworld.com/article/2563077/security0/laptop-theft-at-fidelity-exposes-data-on-196-000-hp-workers.html,,
KDDI,2006,4000000,telecoms,hacked,FALSE,, ,,,,,
"T-Mobile, Deutsche Telekom",2006,17000000,telecoms,lost / stolen media,TRUE,OTCMKTS,DTEGY,4/10/08,"Phone, Address, DOB, Email",http://www.spiegel.de/wirtschaft/telekom-skandal-diebe-klauten-17-millionen-t-mobile-kundendatensaetze-a-581938.html,TRUE,stock doesn't go back all the way?
U.S. Department of Veteran Affairs,2006,26500000,government,lost / stolen computer,FALSE,,,,,,,
City and Hackney Teaching Primary Care Trust,2007,160000,healthcare,lost / stolen media,FALSE,,,,,,,
Compass Bank,2007,1000000,financial,inside job,TRUE,NYSE,BBVA,3/21/08,Debit Cards,https://web.archive.org/web/20080605192408/https://www.al.com/news/birminghamnews/index.ssf?/base/news/1206089188208770.xml&coll=2,,
Dai Nippon Printing,2007,8637405,retail,inside job,TRUE,OTCMKTS,DNPLY,3/12/07,PII,https://www.infosecurity-magazine.com/magazine-features/a-breach-too-far/,TRUE,Data missing
UK Driving Standards Agency,2007,3000000,government,lost / stolen media,FALSE,,,,,,,
Fidelity National Information Services,2007,8500000,financial,inside job,TRUE,NYSE,FIS,7/3/07,"Name, Address, Phone, Bank Account, Credit Card",https://www.networkworld.com/article/2292203/lan-wan/fidelity-national-information-services--ex-worker-stole--2-3-million-customer-records.html,,
Gap Inc.,2007,800000,retail,lost / stolen computer,TRUE,NYSE,GPS,9/28/07,Job Applicant Data including Social Security Numbers,http://www.gapinc.com/content/gapinc/html/media/pressrelease/2007/med_pr_092807announcement.html,,
Hannaford Brothers Supermarket Chain,2007,4200000,retail,hacked,FALSE,,,,,,,
Monster.com,2007,1300000,web,hacked,TRUE,NASDAQ,MWW,8/21/07,Resumes,https://www.foxnews.com/story/monster-com-admits-keeping-data-breach-under-wraps,TRUE,
TD Ameritrade,2007,6300000,financial,hacked,TRUE,NASDAQ,AMTD,9/14/07,,https://web.archive.org/web/20080410070205/www.amtd.com/newsroom/releasedetail.cfm?ReleaseID=264044,,
Texas Lottery,2007,89000,government,inside job,FALSE,,,,,,,
TK / TJ Maxx,2007,94000000,retail,hacked,TRUE,NYSE,TJX,2/21/07,,https://www.cnet.com/news/t-j-maxx-hack-exposes-consumer-data/,,
UK Revenue & Customs,2007,25000000,government,lost / stolen media,FALSE,,,,,,,
AT&T,2008,113000,telecoms,lost / stolen computer,TRUE,NYSE,T,6/10/08,,https://www.computerweekly.com/news/2240104039/Unencrypted-ATT-laptop-stolen-details-of-managers-pay-lost,,
Auction.co.kr,2008,18000000,web,hacked,TRUE,NASDAQ,EBAY,2/19/08,,https://news.hitb.org/node/25865,,
The Bank of New York Mellon,2008,12500000,financial,lost / stolen media,TRUE,NYSE,BK,5/21/08,,https://www.reuters.com/article/us-mellon-breach-idUSN2143343820080521,,
GS Caltex,2008,11100000,energy,inside job,TRUE,KS,78930,9/6/08,,http://english.donga.com/List/3/all/26/259955/1,TRUE,
"Jefferson County, West Virginia",2008,1600000,government,accidentally published,FALSE,,,,,,,
Ministry of Education (Chile),2008,6000000,government,accidentally published,FALSE,,,,,,,
Norwegian Tax Administration,2008,3950000,government,accidentally published,FALSE,,,,,,,
RBS Worldpay,2008,1500000,financial,hacked,FALSE,,,,,,,
Service Personnel and Veterans Agency (UK),2008,50500,government,lost / stolen media,FALSE,,,,,,,
Stanford University,2008,72000,academic,lost / stolen computer,FALSE,,,,,,,
Starbucks,2008,97000,retail,lost / stolen computer,TRUE,NASDAQ,SBUX,11/24/08,"Names, Address, Social Security Numbers",https://infowatch.com/analytics/leaks_monitoring/1304,,
UK Home Office,2008,84000,government,lost / stolen media,FALSE,,,,,,,
UK Ministry of Defence,2008,1700000,government,lost / stolen media,FALSE,,,,,,,
University of Miami,2008,2100000,academic,lost / stolen computer,FALSE,,,,,,,
University of Utah Hospital & Clinics,2008,2200000,academic,lost / stolen media,FALSE,,,,,,,
"Affinity Health Plan, Inc.",2009,344579,healthcare,lost / stolen media,FALSE,,,,,,,
"AvMed, Inc.",2009,1220000,healthcare,lost / stolen computer,FALSE,,,,,,,
BlueCross BlueShield of Tennessee,2009,1023209,healthcare,lost / stolen media,TRUE,NYSE,ANTM,12/7/09,"DOB, Address, Diagnosis, Social Security Number",https://www.doj.nh.gov/consumer/security-breaches/documents/blue-cross-20100331.pdf,,
CheckFree Corporation,2009,5000000,financial,hacked,FALSE,,,,,,,
Health Net,2009,1500000,healthcare,lost / stolen media,TRUE,NYSE,HNT,9/18/09,"Names, Addresses, Social Security Numbers, Medical Records",https://www.computerworld.com/article/2521838/health-net-says-1-5m-medical-records-lost-in-data-breach.html,TRUE,
Heartland,2009,130000000,financial,hacked,TRUE,NYSE,HPY,1/20/09,"Credit Card, Debit Card",https://www.bankinfosecurity.com/heartland-breach-inside-look-at-plaintiffs-case-a-1844,TRUE,
Network Solutions,2009,573000,tech,hacked,TRUE,NASDAQ,VRSN,7/24/09,"Credit Card, Debit Card",https://www.bankinfosecurity.com/network-solutions-data-breach-573000-cardholders-at-risk-a-1660,,
RockYou!,2009,32000000,web,hacked,FALSE,,,,,,,
"University of California, Berkeley",2009,160000,academic,hacked,FALSE,,,,,,,
U.S. Department of Defense,2009,72000,government,lost / stolen media,FALSE,,,,,,,
National Archives and Records Administration (U.S. military veterans' records),2009,76000000,government,lost / stolen media,FALSE,,,,,,,
National Guard of the United States,2009,131000,government,lost / stolen computer,FALSE,,,,,,,
Virginia Department of Health,2009,8257378,government,hacked,FALSE,,,,,,,
Virginia Prescription Monitoring Program,2009,531400,healthcare,hacked,FALSE,,,,,,,
"Ankle & Foot Center of Tampa Bay, Inc.",2010,156000,healthcare,hacked,FALSE,,,,,,,
AT&T,2010,114000,telecoms,hacked,TRUE,NYSE,T,6/9/10,Email Addresses,https://gawker.com/5559346/apples-worst-security-breach-114000-ipad-owners-exposed?skyline=true&s=i,,
Betfair,2010,2300000,web,hacked,TRUE,LON,BET,9/30/11,"Credit Card, Debit Card",https://www.telegraph.co.uk/finance/newsbysector/retailandconsumer/8797993/Betfair-is-in-for-a-rough-ride-over-data-theft.html,,
Colorado government,2010,105470,healthcare,lost / stolen computer,FALSE,,,,,,,
Educational Credit Management Corporation,2010,3300000,financial,lost / stolen media,FALSE,,,,,,,
Embassy Cables,2010,251000,government,inside job,FALSE,,,,,,,
"Emergency Healthcare Physicians, Ltd.",2010,180111,healthcare,lost / stolen media,FALSE,,,,,,,
Federal Reserve Bank of Cleveland,2010,400000,financial,hacked,FALSE,,,,,,,
Gawker,2010,1500000,web,hacked,FALSE,,,,,,,
JP Morgan Chase,2010,2600000,financial,lost / stolen media,TRUE,NYSE,JPM,,No notification of breach can be found,,,
Lincoln Medical & Mental Health Center,2010,130495,healthcare,lost / stolen media,FALSE,,,,,,,
New York City Health & Hospitals Corp.,2010,1700000,healthcare,lost / stolen media,FALSE,,,,,,,
Ohio State University,2010,760000,academic,hacked,FALSE,,,,,,,
Puerto Rico Department of Health,2010,515000,healthcare,hacked,FALSE,,,,,,,
"Seacoast Radiology, PA",2010,231400,healthcare,hacked,FALSE,,,,,,,
"South Shore Hospital, Massachusetts",2010,800000,healthcare,lost / stolen media,FALSE,,,,,,,
"Triple-S Salud, Inc.",2010,398000,healthcare,lost / stolen media,TRUE,NYSE,GTS,,,,,
U.S. government (United States diplomatic cables leak),2010,260000,government,inside job,FALSE,,,,,,,
Yale University,2010,43000,academic,accidentally published,FALSE,,,,,,,
Accendo Insurance Co.,2011,175350,healthcare,poor security,FALSE,,,,,,,
Bethesda Game Studios,2011,200000,gaming,hacked,FALSE,,,,,,,
China Software Developer Network,2011,6000000,web,hacked,FALSE,,,12/21/11,,https://thehackernews.com/2011/12/china-software-developer-network-csdn-6.html,,
Citigroup,2011,360083,financial,hacked,TRUE,NYSE,C,6/3/11,"name, account number and contact information, including email address",https://www.citigroup.com/citi/news/2011/110610c.htm,,
Eisenhower Medical Center,2011,514330,healthcare,lost / stolen computer,FALSE,,,,,,,
Health Net ? IBM,2011,1900000,healthcare,lost / stolen media,TRUE,NYSE,HNT,3/14/11,,https://www.computerworld.com/article/2506615/health-net-discloses-loss-of-data-to-1-9-million-customers.html,TRUE,
Honda Canada,2011,283000,retail,poor security,TRUE,NYSE,HMC,5/13/11,"customer names, addresses, vehicle identification numbers",https://www.reuters.com/article/us-honda-canada/honda-canada-warns-customers-of-major-data-breach-idUSTRE74Q6BQ20110527,,
Massachusetts Government,2011,210000,government,poor security,FALSE,,,,,,,
Memorial Healthcare System,2011,102153,healthcare,lost / stolen media,FALSE,,,,,,,
Morgan Stanley Smith Barney,2011,34000,financial,lost / stolen media,TRUE,NYSE,MS,6/24/11,"names, addresses, Social Security numbers",https://abcnews.go.com/Business/morgan-stanley-smith-barney-breach-losing-client-data/story?id=14008632,,
Nemours Foundation,2011,1055489,healthcare,lost / stolen media,FALSE,,,,,,,
Nexon Korea Corp,2011,13200000,web,hacked,TRUE,TYO,3659,11/26/11,"user IDs, names, resident registration numbers and passwords",https://www.reuters.com/article/us-korea-hacking-nexon/data-of-13-million-south-korean-online-game-subscribers-hacked-idUSTRE7AP09H20111126,TRUE,
NHS,2011,8300000,healthcare,lost / stolen media,FALSE,,,,,,,
Oregon Department of Transportation,2011,unknown,government,poor security,FALSE,,,,,,,
Restaurant Depot,2011,200000,retail,hacked,FALSE,,,,,,,
San Francisco Public Utilities Commission,2011,180000,government,hacked,FALSE,,,,,,,
Sega,2011,1290755,gaming,hacked,TRUE,OTCMKTS,SGAMY,6/17/11,"email addresses, dates of birth and encrypted passwords",https://www.theregister.co.uk/2011/06/20/sega_onemillion_hacked/,,
Sony Online Entertainment,2011,24600000,gaming,hacked,TRUE,NYSE,SNE,5/3/11,"names, addresses, emails, birth dates, phone numbers and other information",https://www.theverge.com/2011/05/02/sony-online-entertainment-breach,,
Sony Pictures,2011,1000000,media,hacked,TRUE,NYSE,SNE,6/2/11,"passwords, email addresses, home addresses, dates of birth",https://www.forbes.com/sites/parmyolson/2011/06/02/lulzsec-hackers-purge-sonypictures-com/#15feee764e1e,,
Sony PlayStation Network,2011,77000000,gaming,hacked,TRUE,NYSE,SNE,4/22/11,,https://blog.us.playstation.com/2011/04/22/update-on-playstation-network-qriocity-services/,,
Southern California Medical-Legal Consultants,2011,300000,healthcare,hacked,FALSE,,,,,,,
Spartanburg Regional Healthcare System,2011,400000,healthcare,lost / stolen computer,FALSE,,,,,,,
State of Texas,2011,3500000,government,accidentally published,FALSE,,,,,,,
Steam,2011,35000000,web,hacked,FALSE,,,,,,,
Stratfor,2011,935000,tech,accidentally published,FALSE,,,,,,,
Sutter Medical Center,2011,4243434,healthcare,lost / stolen computer,FALSE,,,,,,,
Tianya Club,2011,28000000,web,hacked,FALSE,,,,,,,
Tricare,2011,4901432,government,lost / stolen computer,FALSE,,,,,,,
University of Wisconsin?Milwaukee,2011,73000,academic,hacked,FALSE,,,,,,,
U.S. Army,2011,50000,government,accidentally published,FALSE,,,,,,,
U.S. law enforcement (70 different agencies),2011,123461,government,accidentally published,FALSE,,,,,,,
Washington Post,2011,1270000,media,hacked,TRUE,NYSE,GHC,7/7/11,user IDs and email addresses,https://www.pcmag.com/news/266619/june-hack-of-washington-post-netted-1-27m-user-account-detai,,
Writerspace.com,2011,62000,web,hacked,FALSE,,,,,,,
BlueToad,2012,12367232,tech,accidentally published,FALSE,,,9/10/12,Apple UDIDs,https://www.cnet.com/news/udid-leak-source-idd-bluetoad-mobile-firm-says-it-was-hacked/,,
Barnes & Noble,2012,63 stores,retail,hacked,TRUE,NYSE,BKS,10/23/12,credit card information,https://www.nytimes.com/2012/10/24/business/hackers-get-credit-data-at-barnes-noble.html,,
Blizzard Entertainment,2012,14000000,gaming,hacked,TRUE,NASDAQ,ATVI,8/9/12,"Email, Security Questions, Hashed passwords,",https://nakedsecurity.sophos.com/2013/11/27/blizzard-entertainment-concludes-its-data-breach-investigation-fifteen-months-later/,,
California Department of Child Support Services,2012,800000,government,lost / stolen media,FALSE,,,,,,,
Dropbox,2012,68000000,web,hacked,FALSE,,,8/1/12,"Emails, Passwords",https://www.cnbc.com/id/48439525,,
Emory Healthcare,2012,315000,healthcare,poor security,FALSE,,,,,,,
Formspring,2012,420000,web,accidentally published,FALSE,,,,,,,
Gamigo,2012,8000000,gaming,hacked,FALSE,,,,,,,
Global Payments,2012,7000000,financial,hacked,TRUE,NYSE,GPN,3/30/12,,https://www.wired.com/2012/04/global-payments-breach/,,
Greek government,2012,9000000,government,hacked,FALSE,,,,,,,
"Iranian banks (three: Saderat, Eghtesad Novin, and Saman)",2012,3000000,financial,hacked,FALSE,,,,,,,
KT Corporation,2012,8700000,telecoms,hacked,TRUE,NYSE,KT,4/29/12,,https://www.inauth.com/blog/hacked-information-breach-of-half-of-the-total-mobile-phone-users-in-south-korea/,,
LinkedIn,2012,8000000,web,accidentally published,TRUE,NYSE,LNKD,6/18/12,,https://en.wikipedia.org/wiki/2012_LinkedIn_hack#cite_note-7,TRUE,
US Medicaid,2012,780000,government,hacked,FALSE,,,,,,,
Militarysingles.com,2012,163792,web,accidentally published,FALSE,,,,,,,
New York State Electric & Gas,2012,1800000,energy,inside job,FALSE,,,,,,,
Office of the Texas Attorney General,2012,6500000,government,accidentally published,FALSE,,,,,,,
Rambler.ru,2012,98167935,web,hacked,FALSE,,,,,,,
South Carolina Government,2012,6400000,healthcare,inside job,FALSE,,,,,,,
Syrian government (Syria Files),2012,2434899,government,hacked,FALSE,,,,,,,
TD Bank,2012,267000,financial,hacked,TRUE,NYSE,TD,10/9/12,Social Security numbers,https://www.pressherald.com/2012/10/09/td-bank-alerts-some-customers-of-lost-data/,,
Yahoo! Voices,2012,450000,web,hacked,TRUE,NASDAQ,YHOO,7/12/12,"Emails, Passwords",https://www.huffingtonpost.com/2012/07/12/yahoo-voice-hack-gmail-aol-hotmail_n_1668886.html,TRUE,
Zappos,2012,24000000,web,hacked,FALSE,,,,,,,
Adobe Systems,2013,152000000,tech,hacked,TRUE,NASDAQ,ADBE,10/3/13,Source Code,https://krebsonsecurity.com/2013/10/adobe-to-announce-source-code-customer-data-breach/,,
Advocate Medical Group,2013,4000000,healthcare,lost / stolen media,FALSE,,,,,,,
Apple,2013,275000,tech,hacked,TRUE,NASDAQ,AAPL,7/22/13,"names, addresses, and email addresses.",https://www.wired.com/2013/07/apple-dev-center-breach-faq/,,
Central Hudson Gas & Electric,2013,110000,energy,hacked,TRUE,NYSE,CHG,3/21/13,banking information,https://www.esecurityplanet.com/network-security/central-hudson-gas-and-electric-hacked.html,,
Citigroup,2013,146000,financial,poor security,TRUE,NYSE,C,7/17/13,"Social Security numbers, birth dates",https://www.americanbanker.com/news/through-software-glitch-citi-exposes-data-on-150-000-customers,,
"Crescent Health Inc., Walgreens",2013,100000,healthcare,lost / stolen computer,TRUE,NYSE,WAG,2/21/13,personal health information and Social Security numbers,https://www.healthcareitnews.com/news/walgreens-company-announces-data-breach,,
Drupal,2013,1000000,web,hacked,FALSE,,,,,,,
Dun & Bradstreet,2013,1000000,tech,hacked,TRUE,NYSE,DNB,9/25/13,Social Security Numbers,https://krebsonsecurity.com/2013/09/data-broker-giants-hacked-by-id-theft-service/,,
Evernote,2013,50000000,web,hacked,FALSE,,,,,,,
Facebook,2013,6000000,web,accidentally published,TRUE,NASDAQ,FB,6/21/13,,https://www.reuters.com/article/net-us-facebook-security/facebook-admits-year-long-data-breach-exposed-6-million-users-idUSBRE95K18Y20130621,,
Florida Department of Juvenile Justice,2013,100000,government,lost / stolen computer,FALSE,,,,,,,
Kirkwood Community College,2013,125000,academic,hacked,FALSE,,,,,,,
Kroll Background America,2013,1000000,tech,hacked,FALSE,,,,,,,
Living Social,2013,50000000,web,hacked,FALSE,,,,,,,
Nintendo,2013,240000,gaming,hacked,TRUE,OTCMKTS,NTDOY,7/5/13,"names, home addresses, phone numbers and email addresses ",https://www.japantimes.co.jp/news/2013/07/06/business/corporate-business/japan-customer-data-exposed-in-massive-breach-of-nintendo-member-website/,,
OVH,2013,undisclosed,web,hacked,FALSE,,,,,,,
Scribd,2013,500000,web,hacked,FALSE,,,,,,,
SnapChat,2013,4700000,web,hacked,FALSE,,,,,,,
South Africa police,2013,16000,government,hacked,FALSE,,,,,,,
TerraCom,2013,170000,telecoms,accidentally published,TRUE,ASX,TER,5/13/13,"name, Social Security Number, date of birth, address, driver’s license Number, copies of tax information and other government forms ",https://www.databreaches.net/terracom-notifies-150000-lifeline-applicants-after-breach/,,
Tumblr,2013,65469298,web,hacked,TRUE,NASDAQ,YHOO,5/12/16,email addresses with salted and hashed passwords ,https://staff.tumblr.com/post/144263069415/we-recently-learned-that-a-third-party-had,TRUE,
Twitter,2013,250000,web,hacked,FALSE,,,,,,,
Ubisoft,2013,unknown,gaming,hacked,TRUE,OTCMKTS,UBSFY,7/2/13,"users’ names, e-mail addresses and encrypted passwords",https://www.washingtonpost.com/business/technology/ubisoft-reports-data-breach-asks-users-to-change-passwords/2013/07/02/6b79357a-e349-11e2-a11e-c2ea876a8f30_story.html?utm_term=.454ac5ca0c40,,
Ubuntu,2013,2000000,tech,hacked,FALSE,,,,,,,
Vodafone,2013,2000000,telecoms,inside job,TRUE,NASDAQ,VOD,9/12/13,"Personal Details, Bank details",https://www.engadget.com/2013/09/12/vodafone-hacked-2-million-customers-germany/,,
Washington State court system,2013,160000,government,hacked,FALSE,,,,,,,
Yahoo,2013,3000000000,web,hacked,TRUE,NASDAQ,YHOO,11/14/16,"names; email addresses; dates of birth, passwords hashed with the outdated MD5 algorithm; and encrypted and unencrypted security answers and questions.",https://en.wikipedia.org/wiki/Yahoo!_data_breaches#August_2013_breach,TRUE,
Yahoo Japan,2013,22000000,web,hacked,TRUE,NASDAQ,YHOO,5/18/13,,https://about.yahoo.co.jp/pr/release/2013/0517a.html,TRUE,
AOL,2014,2400000,web,hacked,TRUE,NYSE,AOL,4/28/14,"users' email addresses, postal addresses, address book contact information, encrypted passwords and encrypted answers to security questions",https://web.archive.org/web/20140622115728/http://blog.aol.com/2014/04/28/aol-security-update/,TRUE,
Community Health Systems,2014,4500000,healthcare,hacked,TRUE,NYSE,CYH,8/18/14,"names, addresses, dates of birth, phone numbers, and Social Security Numbers",https://www.hipaajournal.com/community-health-systems-cyber-attack-puts-4-5m-patients-risk/,,
Domino's Pizza (France),2014,600000,web,hacked,TRUE,NYSE,DPZ,6/13/14,"name, full address, phone number, email, favourite pizza",https://www.csoonline.com/article/2364323/domino-s-pizza-large-breach-with-a-side-of-ransom.html,,
eBay,2014,145000000,web,hacked,TRUE,NASDAQ,EBAY,5/21/14,email addresses and encrypted passwords ,https://www.washingtonpost.com/news/the-switch/wp/2014/05/21/ebay-asks-145-million-users-to-change-passwords-after-data-breach/?noredirect=on&utm_term=.70319c291140,,
European Central Bank,2014,unknown,financial,hacked,FALSE,,,,,,,
Gmail,2014,5000000,web,hacked,TRUE,NASDAQ,GOOGL,9/10/14,"Emails, Passwords",https://security.googleblog.com/2014/09/cleaning-up-after-password-dumps.html,,
Home Depot,2014,56000000,retail,hacked,TRUE,NYSE,HD,9/2/14,"Names, Credit Cards",https://krebsonsecurity.com/2014/09/banks-credit-card-breach-at-home-depot/,,
JP Morgan Chase,2014,83000000,financial,hacked,TRUE,NYSE,JPM,10/2/14,"names, addresses, phone numbers, email addresses",https://www.sec.gov/Archives/edgar/data/19617/000119312514362173/d799478d8k.htm,,
Korea Credit Bureau,2014,20000000,financial,inside job,FALSE,,,,,,,
LexisNexis,2014,1000000,tech,hacked,TRUE,NYSE,RELX,9/25/14,,https://krebsonsecurity.com/2013/09/data-broker-giants-hacked-by-id-theft-service/,,
MacRumors.com,2014,860000,web,hacked,FALSE,,,,,,,
Mandarin Oriental Hotels,2014,10 locations,travel,hacked,TRUE,OTCMKTS,MAORF,3/4/15,"names, credit card numbers",https://krebsonsecurity.com/2015/03/credit-card-breach-at-mandarian-oriental/,,
Michaels,2014,3000000,retail,hacked,FALSE,,,,,,,
Mozilla,2014,76000,web,poor security,FALSE,,,,,,,
NASDAQ,2014,unknown,financial,hacked,TRUE,NASDAQ,NDAQ,2/5/11,,https://web.archive.org/web/20140720193950/https://online.wsj.com/news/articles/SB10001424052748704709304576124502351634690,,
Neiman Marcus,2014,1100000,retail,hacked,FALSE,,,,,,,
New York Taxis,2014,52000,travel,poor security,FALSE,,,,Not a Breach,,,
Sony Pictures,2014,100 terabytes,media,hacked,TRUE,NYSE,SNE,11/24/14,"names, addresses, social security numbers and financial information",https://www.reddit.com/r/hacking/comments/2n9zhv/i_used_to_work_for_sony_pictures_my_friend_still/,,
Supervalu,2014,200 stores,retail,hacked,TRUE,NYSE,SVU,8/14/14,"names, credit card numbers",https://www.nytimes.com/2014/08/16/technology/food-retailer-discloses-a-data-breach.html,,
Target Corporation,2014,70000000,retail,hacked,TRUE,NYSE,TGT,12/18/13,"names, mailing addresses  phone numbers, credit cards",https://krebsonsecurity.com/2013/12/sources-target-investigating-data-breach/,,
Trump Hotels,2014,8 locations,travel,hacked,FALSE,,,,,,,
Uber,2014,50000,tech,poor security,FALSE,,,,,,,
"University of Maryland, College Park",2014,300000,academic,hacked,FALSE,,,,,,,
UPS,2014,51 locations,retail,hacked,TRUE,NYSE,UPS,8/20/14,"names, card numbers and postal, email addresses",,,
Yahoo,2014,500000000,web,hacked,TRUE,NASDAQ,YHOO,9/22/16," names, email addresses, telephone numbers, birth dates, encrypted passwords,  security questions ",https://www.nytimes.com/2016/09/23/technology/yahoo-hackers.html,TRUE,
Ancestry.com,2015,300000,web,poor security,FALSE,,,,,,,
Anthem Inc.,2015,80000000,healthcare,hacked,TRUE,NYSE,ANTM,2/4/15,"names, birthdays, medical IDs, social security numbers, street addresses, e-mail addresses, employment information",https://money.cnn.com/2015/02/04/technology/anthem-insurance-hack-data-security/,,
Ashley Madison,2015,32000000,web,hacked,FALSE,,,,,,,
Australian Immigration Department,2015,G20 world leaders,government,accidentally published,FALSE,,,,,,,
Bailey's Inc.,2015,250000,retail,hacked,FALSE,,,,,,,
British Airways,2015,tens of thousands,retail,hacked,TRUE,LON,IAG,3/29/15,,https://www.theguardian.com/business/2015/mar/29/british-airways-frequent-flyer-accounts-hacked,TRUE,
CareFirst BlueCross Blue Shield - Maryland,2015,1100000,healthcare,hacked,FALSE,,,,,,,
CVS,2015,millions,retail,hacked,TRUE,NYSE,CVS,7/17/15,credit card information,https://www.forbes.com/sites/katevinton/2015/07/17/cvs-investigates-credit-card-breach-at-its-online-photo-service/#3899b9d5c48c,,
Excellus BlueCross BlueShield,2015,10000000,healthcare,hacked,FALSE,,,,,,,
Experian - T-Mobile US,2015,15000000,telecoms,hacked,TRUE,OTCMKTS,EXPGY,10/1/15,Social Security numbers,https://krebsonsecurity.com/2015/10/experian-breach-affects-15-million-consumers/,TRUE,Data Missing!
Hilton Hotels,2015,unknown,travel,hacked,TRUE,NYSE,HLT,9/25/15,"cardholder names, payment card numbers, security codes and expiration dates",https://krebsonsecurity.com/2015/09/banks-card-breach-at-hilton-hotel-properties/,,
Internal Revenue Service,2015,720000,financial,hacked,FALSE,,,,,,,
"Landry's, Inc.",2015,500 locations,retail,hacked,FALSE,,,,,,,
Medical Informatics Engineering,2015,3900000,healthcare,hacked,FALSE,,,,,,,
Natural Grocers,2015,93 stores,retail,hacked,FALSE,,,,,,,
US Office of Personnel Management,2015,21500000,government,hacked,FALSE,,,,,,,
Patreon,2015,2.3 million,web,hacked,FALSE,,,,,,,
Premera,2015,11000000,healthcare,hacked,FALSE,,,,,,,
Scottrade,2015,4600000,financial,hacked,FALSE,,,,,,,
Slack,2015,500000,tech,poor security,FALSE,,,,,,,
Starwood Hotels,2015,54 locations,travel,hacked,TRUE,NYSE,HOT,11/20/15,credit card information,https://krebsonsecurity.com/2015/11/starwood-hotels-warns-of-credit-card-breach/,TRUE,
Twitch.tv,2015,unknown,tech,hacked,FALSE,,,,,,,
"UCLA Medical Center, Santa Monica",2015,4500000,healthcare,hacked,FALSE,,,,,,,
VTech,2015,5000000,retail,hacked,TRUE,OTCMKTS,VTKLY,11/30/15,"name, email address, password, secret question, IP address, mailing address and download history",https://www.vtech.com/en/press_release/2015/data-breach-on-vtech-learning-lodge-update/,,
Wendy's,2015,unknown,retail,hacked,TRUE,NASDAQ,WEN,7/7/16,credit card information,https://krebsonsecurity.com/2016/07/1025-wendys-locations-hit-in-card-breach/,,
Xat.com,2015,6054459,web,poor security,FALSE,,,,,,,
21st Century Oncology,2016,2200000,healthcare,hacked,FALSE,,,,,,,
Apple Health Medicaid,2016,91000,healthcare,poor security,FALSE,,,,,,,
Central Coast Credit Union,2016,60000,financial,hacked,FALSE,,,,,,,
Philippines Commission on Elections,2016,55000000,government,hacked,FALSE,,,,,,,
Cox Communications,2016,40000,telecoms,hacked,FALSE,,,,,,,
Democratic National Committee,2016,19252,government,hacked,FALSE,,,,,,,
US Department of Homeland Security,2016,30000,government,poor security,FALSE,,,,,,,
EyeWire,2016,unknown,tech,lost / stolen computer,FALSE,,,,,,,
Friend Finder Networks,2016,412214295,web,hacked,FALSE,,,,,,,
Gyft,2016,unknown,web,hacked,FALSE,,,,,,,
Inuvik hospital,2016,6700,healthcare,inside job,FALSE,,,,,,,
KM.RU,2016,1500000,web,hacked,FALSE,,,,,,,
Nival Networks,2016,1500000,gaming,hacked,FALSE,,,,,,,
Ofcom,2016,unknown,telecoms,inside job,FALSE,,,,,,,
Rosen Hotels,2016,unknown,travel,hacked,FALSE,,,,,,,
Taobao,2016,20000000,retail,hacked,TRUE,NYSE,BABA,2/3/16,email addresses and passwords,https://www.reuters.com/article/us-alibaba-cyber-idUSKCN0VD14X,,
TaxSlayer.com,2016,unknown,web,hacked,FALSE,,,,,,,
"University of California, Berkeley",2016,80000,academic,hacked,FALSE,,,,,,,
University of Central Florida,2016,63000,academic,hacked,FALSE,,,,,,,
Verizon Communications,2016,1500000,telecoms,hacked,TRUE,NYSE,VZ,3/24/16,contact information,https://krebsonsecurity.com/2016/03/crooks-steal-sell-verizon-enterprise-customer-data/,,
Weebly,2016,43430316,web,hacked,FALSE,,,,,,,
Defense Integrated Data Center (South Korea),2017,235 GB,government,hacked,FALSE,,,,,,,
Deloitte,2017,,consulting,poor security,FALSE,,,,,,,
Erie County Medical Center,2017,unknown,healthcare,poor security,FALSE,,,,,,,
Equifax,2017,143000000,financial,poor security,TRUE,NYSE,EFX,9/7/17,"names, Social Security numbers, birth dates, addresses,, driver's license numbers",https://investor.equifax.com/news-and-events/news/2017/09-07-2017-213000628,,
Grozio Chirurgija,2017,25000,healthcare,hacked,FALSE,,,,,,,
Heathrow Airport,2017,2.5GB,travel,lost / stolen media,FALSE,,,,,,,
Taringa!,2017,28722877,web,hacked,FALSE,,,,,,,
Uber,2017,57000000,travel,hacked,FALSE,,,,,,,
AerServ (subsidiary of InMobi),2018,75000,tech,hacked,FALSE,,,,,,,
Bethesda Game Studios,2018,,gaming,accidentally published,FALSE,,,,,,,
BlankMediaGames,2018,7633234,gaming,hacked,FALSE,,,,,,,
Bank of Montreal,2018,50000,financial,hacked,FALSE,NYSE,BMO,5/29/18," personal,  financial information",https://newsroom.bmo.com/index.php?s=2429&item=129367,,Was 5/29/18 but data is missing
Simplii,2018,40000,financial,hacked,TRUE,NYSE,CM,5/29/18,"customer names, social insurance numbers and answers to security questions",https://www.itworldcanada.com/article/bmo-cibc-victims-of-cyber-breach-attackers-demand-1-million-from-each-in-cryptocurrency/405703,,Was 5/29/18 but data is missing
British Airways,2018,380000,travel,hacked,TRUE,LON,IAG,9/6/18,"credit card numbers, expiry dates and CVV codes",https://www.theregister.co.uk/2018/09/06/british_airways_hacked/,TRUE,
Cathay Pacific Airways,2018,9400000,travel,hacked,TRUE,OTCMKTS,CPCAY,10/24/18,"names, nationalities, dates of birth, addresses, passport numbers, email addresses",https://news.cathaypacific.com/cathay-pacific-announces-data-security-event-affecting-passenger-data,,
Centers for Medicare & Medicaid Services,2018,75000,healthcare,hacked,FALSE,,,,,,,
Facebook,2018,50000000,web,poor security,TRUE,NASDAQ,FB,9/28/18,phone numbers and email addresses ,https://newsroom.fb.com/news/2018/09/security-update/,,
Google Plus,2018,500000,web,poor security,TRUE,NASDAQ,GOOGL,10/8/18,"name, email address, occupation, gender, age",https://www.cnbc.com/2018/10/08/google-bug-exposed-the-information-of-up-to-500000-users.html,,
Marriott International,2018,500000000,travel,hacked,TRUE,NASDAQ,MAR,11/30/18,"names, addresses, credit card numbers and phone numbers,  passport numbers, travel locations, arrival/departure dates",https://www.washingtonpost.com/business/2018/11/30/marriott-discloses-massive-data-breach-impacting-million-guests/?utm_term=.a5c290e717f1,,
MyHeritage,2018,92283889,web,unknown,FALSE,,,,,,,
Orbitz,2018,880000,travel,hacked,TRUE,NASDAQ,EXPE,3/20/18,"names, dates of birth, email addresses, street addresses, and genders",http://fortune.com/2018/03/20/expedia-orbitz-data-breach-cards/,,
Popsugar,2018,123857,web,hacked,FALSE,,,,,,,
Quora,2018,100000000,web,hacked,FALSE,,,,,,,
Reddit,2018,unknown,web,hacked,FALSE,,,,,,,
SingHealth,2018,1500000,healthcare,hacked,FALSE,,,,,,,
Ticketfly (subsidiary of Eventbrite),2018,26151608,web,hacked,FALSE,NYSE,EB,8/8/18,"names, addresses, email addresses, phone numbers",https://support.ticketfly.com/s/article/41507,TRUE,Wasn't traded yet
Typeform,2018,unknown,tech,poor security,FALSE,,,,,,,
Under Armour,2018,150000000,retail,hacked,TRUE,NYSE,UAA,3/29/18,"usernames, email addresses, and hashed passwords",https://www.cnbc.com/2018/03/29/under-armour-stock-falls-after-company-admits-data-breach.html,,